model,fold_id,uf,onset_week_error,peak_timing_error,peak_magnitude_error,total_cases_error
climatological_quantile,1,AC,0.0,-6,-0.7801585575495751,-0.10700448033056664
climatological_quantile,1,AL,0.0,7,0.4745943029543345,0.8532437392719802
climatological_quantile,1,AM,0.0,0,-0.45923153226382446,-0.2573046223039099
climatological_quantile,1,AP,-12.0,-19,-2.1000608288825715,-0.2423830581895829
climatological_quantile,1,BA,6.0,-1,0.05270540572830676,-0.2454298230579913
climatological_quantile,1,CE,0.0,0,0.6271562263420591,0.5095406592391123
climatological_quantile,1,DF,12.0,3,-0.5548632219076282,-0.9830005445764741
climatological_quantile,1,GO,0.0,2,0.14755869814510542,0.13279513484215086
climatological_quantile,1,MA,0.0,5,-0.7200546334798696,-0.1554793188322497
climatological_quantile,1,MG,-1.0,1,-2.0311947081404504,-1.7673119097479972
climatological_quantile,1,MS,5.0,1,-1.4618440560272088,-1.3329000249891425
climatological_quantile,1,MT,-1.0,-7,-1.0498221244986778,-0.7251504870846752
climatological_quantile,1,PA,0.0,-1,-0.1888362378151483,0.07099457302253163
climatological_quantile,1,PB,0.0,6,-0.32255089810260484,0.2787134024690205
climatological_quantile,1,PE,0.0,6,0.11232918497391972,0.637025393719015
climatological_quantile,1,PI,1.0,7,-0.9185869441345053,-0.27271919977506853
climatological_quantile,1,PR,-3.0,-1,-2.0693529436924507,-1.9202954524899734
climatological_quantile,1,RJ,-4.0,3,-0.7559394121181499,-0.5661199356555849
climatological_quantile,1,RN,1.0,3,0.24057760326430747,0.7248185243975968
climatological_quantile,1,RO,0.0,7,-2.4849066497880004,-1.5995852468953973
climatological_quantile,1,RR,-1.0,0,-0.2732933349996813,1.1107336492004545
climatological_quantile,1,RS,-8.0,-1,-4.155547608811243,-4.09976462969144
climatological_quantile,1,SC,-20.0,-1,-6.5780077491720474,-6.014002367455753
climatological_quantile,1,SE,0.0,-3,-1.0599974525403302,-0.8240828240336502
climatological_quantile,1,SP,0.0,-2,-0.8774427091198094,-0.8007354058046675
climatological_quantile,1,TO,3.0,-2,0.22134012431505898,0.445586363229872
climatological_quantile,2,AC,-3.0,8,-2.3924800971105937,-0.8707570621414118
climatological_quantile,2,AL,-16.0,-6,-0.9377310631120244,-0.5324593581332147
climatological_quantile,2,AM,-1.0,3,-1.3878175906604122,-0.7202300795745072
climatological_quantile,2,AP,-12.0,8,-3.5263605246161616,-2.704312047358339
climatological_quantile,2,BA,-16.0,2,-2.456528652006993,-1.8970086387105074
climatological_quantile,2,CE,-14.0,4,-0.08926109672364525,0.6544289885973138
climatological_quantile,2,DF,3.0,9,-4.183972908558995,-3.066126338280393
climatological_quantile,2,GO,-12.0,3,-1.8683327163729002,-1.5414671476765416
climatological_quantile,2,MA,-16.0,3,-1.7071250840873458,-0.8977689212758786
climatological_quantile,2,MG,0.0,6,-3.6870515972181805,-3.160837369469861
climatological_quantile,2,MS,-4.0,3,-0.40960247437412584,-0.19411044061636692
climatological_quantile,2,MT,-6.0,-9,-1.42351198409247,-1.0291901845678197
climatological_quantile,2,PA,-12.0,2,-1.6699619761530098,-1.200432274842836
climatological_quantile,2,PB,-1.0,7,-1.6723517378446697,-0.39849083091187787
climatological_quantile,2,PE,-1.0,5,-1.1152101800771475,-0.5606117121061941
climatological_quantile,2,PI,1.0,8,-1.7124427143994676,-0.9001135525138118
climatological_quantile,2,PR,2.0,1,-2.8160564080926203,-2.9700152127428407
climatological_quantile,2,RJ,-3.0,10,-4.132344196885168,-2.5183415628183394
climatological_quantile,2,RN,-3.0,7,-1.495141126641749,-0.2328481258510814
climatological_quantile,2,RO,-1.0,-4,-1.5712684393629763,-0.6146350115624045
climatological_quantile,2,RR,0.0,8,-1.2286654169163076,-0.2467377612534942
climatological_quantile,2,RS,0.0,-2,-5.474357727741657,-5.49580416448869
climatological_quantile,2,SC,-5.0,1,-6.39380551411038,-6.4041948662075585
climatological_quantile,2,SE,0.0,7,-1.5252932359265468,-0.682206900501152
climatological_quantile,2,SP,-2.0,-6,-2.9394439856445973,-2.565303191383238
climatological_quantile,2,TO,-4.0,-3,-0.35914103643392586,0.22082336465851257
climatological_quantile,3,AC,0.0,-2,-1.2345679249041388,-0.9347811389046254
climatological_quantile,3,AL,0.0,-11,-0.5402728250922918,0.27208851557683095
climatological_quantile,3,AM,0.0,-5,-0.527250503433391,-0.12833469230784356
climatological_quantile,3,AP,0.0,11,-1.828938472469809,-1.2424390851537321
climatological_quantile,3,BA,6.0,0,0.34853170158190283,0.09093786029084604
climatological_quantile,3,CE,0.0,-1,1.4462675878421818,1.4550136818725055
climatological_quantile,3,DF,12.0,19,-2.449300794333786,0.12332441561046692
climatological_quantile,3,GO,0.0,-5,-0.4997914002600253,-0.3901688069517039
climatological_quantile,3,MA,-13.0,0,-0.41333296930877805,-0.10095739350445629
climatological_quantile,3,MG,10.0,9,-1.2986585207581611,-0.6901339680284145
climatological_quantile,3,MS,1.0,-1,0.3492929250502743,0.2330718307213533
climatological_quantile,3,MT,-3.0,5,-1.588827863917439,-0.7739452932362466
climatological_quantile,3,PA,-1.0,4,-1.3852068134324917,-1.0069903531533313
climatological_quantile,3,PB,0.0,11,-0.969900182479536,0.15852571860107256
climatological_quantile,3,PE,0.0,-14,-1.1847414423980485,-0.3496107265796177
climatological_quantile,3,PI,6.0,0,-0.2491334023345459,-0.34792143324911323
climatological_quantile,3,PR,3.0,0,-1.0229040972828691,-1.1254722772113241
climatological_quantile,3,RJ,9.0,11,-1.5230532982352798,-0.16675042262875284
climatological_quantile,3,RN,0.0,1,0.7298226591183519,0.3385099529398604
climatological_quantile,3,RO,-5.0,-5,-0.6250937173149297,0.237118934051811
climatological_quantile,3,RR,0.0,7,-0.7985076962177716,0.12129621367382053
climatological_quantile,3,RS,-2.0,-3,-4.436697247020208,-4.131843697699972
climatological_quantile,3,SC,7.0,-1,-2.8386285197439927,-3.21647033659714
climatological_quantile,3,SE,0.0,-8,0.03774032798284711,0.5982988506082954
climatological_quantile,3,SP,4.0,1,-1.6597015621432853,-1.6685645279378944
climatological_quantile,3,TO,-1.0,-8,0.46905621088969557,0.8195911086582643
climatological_quantile,4,AC,0.0,-6,-0.06346957394866615,0.6762049231949303
climatological_quantile,4,AL,0.0,0,-0.2374202376708927,0.16521568792724045
climatological_quantile,4,AM,0.0,0,0.5203453841065865,0.5949991015045932
climatological_quantile,4,AP,0.0,9,-1.2039728043259361,0.27736113721900685
climatological_quantile,4,BA,0.0,21,-0.6243442606359165,0.48229510236676504
climatological_quantile,4,CE,0.0,1,0.2950513025583292,0.518637389009932
climatological_quantile,4,DF,6.0,0,0.28316739209725433,0.05379588766394418
climatological_quantile,4,GO,0.0,2,-0.4365836435184851,-0.3484433476276608
climatological_quantile,4,MA,0.0,3,-1.5541204677468243,-0.9781922885375742
climatological_quantile,4,MG,9.0,1,-0.23796598771643468,-0.4949045003349161
climatological_quantile,4,MS,6.0,1,0.49760184450715067,0.798788920192887
climatological_quantile,4,MT,3.0,1,0.5178618798565707,0.20377498494126672
climatological_quantile,4,PA,0.0,2,-0.6892409255928801,-0.49327246451840157
climatological_quantile,4,PB,0.0,1,-0.4480247225269604,-0.22339258630491288
climatological_quantile,4,PE,0.0,3,-1.1427105069538397,-0.7414785724664652
climatological_quantile,4,PI,0.0,3,-1.0023354582326898,-0.7607158487315612
climatological_quantile,4,PR,9.0,1,-0.08813434173425355,-0.2269245949916644
climatological_quantile,4,RJ,0.0,2,0.44366685033382686,0.5964939047831666
climatological_quantile,4,RN,0.0,1,-0.02358094258890691,0.08637201997830833
climatological_quantile,4,RO,0.0,1,0.35313928910642467,0.6400703326070415
climatological_quantile,4,RR,0.0,1,-0.7472144018302211,-0.18347829492177828
climatological_quantile,4,RS,14.0,1,-2.430722215835178,-3.0212060558829252
climatological_quantile,4,SC,9.0,1,-2.958808919449393,-2.6196646312345164
climatological_quantile,4,SE,0.0,-21,-1.468986076965004,-0.392903882235191
climatological_quantile,4,SP,12.0,1,0.6832022652100338,0.042126983353475325
climatological_quantile,4,TO,-10.0,2,-1.7525037598368658,-1.2797019389311544
ensemble_conformal,1,AC,0.0,-5,-0.5568536708119153,0.0843458216090269
ensemble_conformal,1,AL,0.0,7,0.6569158597482891,0.8481020475652118
ensemble_conformal,1,AM,0.0,7,-1.0701406145867978,-0.5270749734179004
ensemble_conformal,1,AP,-12.0,-25,-2.1000608288825715,-0.4800812237793969
ensemble_conformal,1,BA,6.0,-1,0.05270540572830676,-0.18243582981262643
ensemble_conformal,1,CE,0.0,0,0.6271562263420591,0.5206686779112076
ensemble_conformal,1,DF,0.0,-1,-0.19395482743695924,-0.4792451551144643
ensemble_conformal,1,GO,1.0,4,0.14755869814510542,0.2891254554358104
ensemble_conformal,1,MA,4.0,6,-0.24105279440735444,0.19279528158810952
ensemble_conformal,1,MG,-1.0,1,-1.3660588945224836,-1.199316252074905
ensemble_conformal,1,MS,5.0,3,-1.096563049089186,-0.9086990908584117
ensemble_conformal,1,MT,-1.0,1,-0.4243015220426097,-0.20452044112739842
ensemble_conformal,1,PA,0.0,-3,-0.5974721756142355,-0.04864274562915536
ensemble_conformal,1,PB,0.0,-3,0.34610526244904466,0.7728340763292684
ensemble_conformal,1,PE,0.0,6,0.6811660153599167,1.3082598577782651
ensemble_conformal,1,PI,-8.0,7,-0.7954542587308813,-0.17408324676128703
ensemble_conformal,1,PR,-9.0,1,-1.7632965345165368,-1.3279353881025198
ensemble_conformal,1,RJ,1.0,3,-0.7559394121181499,-0.5987646354919607
ensemble_conformal,1,RN,0.0,3,0.5534584402888713,0.9919906572419777
ensemble_conformal,1,RO,0.0,5,-2.021785580034062,-1.4387333275603693
ensemble_conformal,1,RR,-1.0,-11,-1.2768032796126734,0.49828812703846137
ensemble_conformal,1,RS,-3.0,-3,-0.7436967945064953,-0.4690259000791388
ensemble_conformal,1,SC,-12.0,-5,-3.0544374914413894,-2.545960403899444
ensemble_conformal,1,SE,0.0,-4,-0.26741637499219784,0.017468563642723027
ensemble_conformal,1,SP,-4.0,-3,-0.6754945383759059,-0.37353842963876144
ensemble_conformal,1,TO,0.0,-2,0.2520445918546116,0.4940485468582789
ensemble_conformal,2,AC,-3.0,8,-2.3924800971105937,-0.8427048997382695
ensemble_conformal,2,AL,-16.0,-6,-0.9663649032415327,-0.6601529702770399
ensemble_conformal,2,AM,-1.0,6,-1.79015965908987,-0.8114743911724036
ensemble_conformal,2,AP,-12.0,8,-3.5263605246161616,-2.7579800097710927
ensemble_conformal,2,BA,-16.0,2,-2.456528652006993,-1.8090359928648507
ensemble_conformal,2,CE,0.0,5,0.2886366728555742,0.9033660566358739
ensemble_conformal,2,DF,-9.0,8,-3.8000796973642816,-2.7009525153306644
ensemble_conformal,2,GO,-10.0,5,-1.7082072915486957,-1.3166996662404153
ensemble_conformal,2,MA,-16.0,3,-1.6701218902380879,-0.8229642022662437
ensemble_conformal,2,MG,-6.0,6,-3.289015003619667,-2.864315969794003
ensemble_conformal,2,MS,-8.0,1,0.17563516940813487,0.226431953235388
ensemble_conformal,2,MT,-6.0,-3,-0.9456031753396212,-0.5981842385899052
ensemble_conformal,2,PA,-12.0,2,-1.6699619761530098,-1.2071788253906797
ensemble_conformal,2,PB,-1.0,8,-1.1105861288507064,0.02878755533242036
ensemble_conformal,2,PE,-1.0,5,-0.780407969320827,-0.41818774046576596
ensemble_conformal,2,PI,1.0,8,-1.7124427143994676,-0.9022449950166013
ensemble_conformal,2,PR,-3.0,1,-2.275057443361578,-2.205926793396281
ensemble_conformal,2,RJ,-3.0,7,-3.2350113412286103,-2.121058522479611
ensemble_conformal,2,RN,-3.0,9,-1.2749320299531346,-0.07547526643023214
ensemble_conformal,2,RO,-1.0,-3,-1.5546738270241254,-0.5397544960099434
ensemble_conformal,2,RR,0.0,4,-1.371766260556981,-0.5707469489709013
ensemble_conformal,2,RS,0.0,-1,-1.698135459856622,-1.640411752204995
ensemble_conformal,2,SC,-4.0,-1,-2.6602509478187337,-2.4060911494925796
ensemble_conformal,2,SE,0.0,7,-0.9874670103420501,-0.2374102454080919
ensemble_conformal,2,SP,-6.0,-6,-2.9394439856445973,-2.455719009115948
ensemble_conformal,2,TO,-4.0,0,-0.14575688769878958,0.3264639436532632
ensemble_conformal,3,AC,0.0,-2,-1.2345679249041388,-0.9877172762457995
ensemble_conformal,3,AL,0.0,-14,-1.8154341861463537,-0.42235514346891057
ensemble_conformal,3,AM,0.0,-5,-0.527250503433391,-0.16526509128210498
ensemble_conformal,3,AP,0.0,4,-0.34946783863668673,-0.26509360770577706
ensemble_conformal,3,BA,0.0,-3,-0.19707103415610636,-0.29313671745765024
ensemble_conformal,3,CE,14.0,-2,0.8304996767449524,0.9711139692518739
ensemble_conformal,3,DF,0.0,19,-0.9291664462342004,0.33817935605808835
ensemble_conformal,3,GO,0.0,-5,-0.4997914002600253,-0.3901688069517039
ensemble_conformal,3,MA,-9.0,0,-0.3233511770359344,-0.17427997799994913
ensemble_conformal,3,MG,-2.0,7,-1.0412225101402195,-0.7189722284411958
ensemble_conformal,3,MS,1.0,-1,0.3492929250502743,0.31714470485938145
ensemble_conformal,3,MT,-3.0,5,-1.492380232408555,-0.7018903727440781
ensemble_conformal,3,PA,-1.0,2,-0.7238644337426128,-0.6997471465348134
ensemble_conformal,3,PB,0.0,8,-0.9036734349939107,-0.04187375655789176
ensemble_conformal,3,PE,0.0,-17,-1.2803237680742392,-0.5090690296026552
ensemble_conformal,3,PI,-7.0,0,-0.7172331824629676,-0.6847641868365173
ensemble_conformal,3,PR,-11.0,0,-1.0229040972828691,-0.865114289502384
ensemble_conformal,3,RJ,0.0,7,-0.8823355076794663,-0.3881619976764077
ensemble_conformal,3,RN,0.0,-2,0.22681496434136925,0.04863746618665743
ensemble_conformal,3,RO,-5.0,-10,-0.8444617831552143,-0.01817975808744956
ensemble_conformal,3,RR,0.0,-12,-0.7985076962177716,0.011496972263845856
ensemble_conformal,3,RS,-9.0,-1,-1.6668876379585,-1.230788167436308
ensemble_conformal,3,SC,-1.0,-1,0.031124593896067674,0.24444437605702413
ensemble_conformal,3,SE,0.0,-9,0.03774032798284711,0.718984436174276
ensemble_conformal,3,SP,0.0,1,-1.6597015621432853,-1.61614551280811
ensemble_conformal,3,TO,-2.0,-10,0.0978721842166975,0.41902984010001326
ensemble_conformal,4,AC,0.0,-6,-0.06346957394866615,0.7044323386645963
ensemble_conformal,4,AL,0.0,22,-0.8418146389726723,0.003217542198720451
ensemble_conformal,4,AM,0.0,1,0.23621298835316162,0.4170322281816043
ensemble_conformal,4,AP,0.0,8,-0.419853845560264,0.8248054872728712
ensemble_conformal,4,BA,0.0,21,-0.6548528796673431,0.4685919453458885
ensemble_conformal,4,CE,0.0,1,0.08340527729800636,0.07642424079185929
ensemble_conformal,4,DF,8.0,1,1.083912166104387,0.7932355219060051
ensemble_conformal,4,GO,0.0,2,-0.4365836435184851,-0.33891521912624323
ensemble_conformal,4,MA,0.0,3,-1.5541204677468243,-0.9800587776902989
ensemble_conformal,4,MG,7.0,1,0.6465363330229283,0.44384869768503765
ensemble_conformal,4,MS,4.0,1,0.941806911602381,1.156967152656636
ensemble_conformal,4,MT,0.0,2,0.5178618798565707,0.32941880087698727
ensemble_conformal,4,PA,0.0,0,-0.36820325944021604,-0.2038084700394297
ensemble_conformal,4,PB,0.0,1,-0.11569432016267832,0.027184342649466838
ensemble_conformal,4,PE,0.0,3,-0.6364984592847758,-0.5183813850095753
ensemble_conformal,4,PI,0.0,3,-0.6541992814855624,-0.4244427248656376
ensemble_conformal,4,PR,6.0,1,0.7255589377107501,0.6900808807457285
ensemble_conformal,4,RJ,0.0,2,0.7496953355403166,0.8648867248180276
ensemble_conformal,4,RN,0.0,1,0.060928682360826054,0.052267829168111735
ensemble_conformal,4,RO,0.0,1,0.35313928910642467,0.6841925727090152
ensemble_conformal,4,RR,0.0,1,-0.7472144018302211,-0.0008295969369642373
ensemble_conformal,4,RS,14.0,1,1.8066369350183085,0.8487843466401583
ensemble_conformal,4,SC,15.0,1,0.9910487474739879,0.969908792388768
ensemble_conformal,4,SE,0.0,1,-1.0586781616458798,-0.3041404271962587
ensemble_conformal,4,SP,3.0,1,0.6832022652100338,0.4665618402212005
ensemble_conformal,4,TO,-10.0,2,-1.7525037598368658,-1.3088253284223035
ensemble_vincent,1,AC,0.0,-5,-0.5568536708119153,0.0843458216090269
ensemble_vincent,1,AL,0.0,7,0.6569158597482891,0.8481020475652118
ensemble_vincent,1,AM,0.0,7,-1.0701406145867978,-0.5270749734179004
ensemble_vincent,1,AP,-12.0,-25,-2.1000608288825715,-0.4800812237793969
ensemble_vincent,1,BA,6.0,-1,0.05270540572830676,-0.18243582981262643
ensemble_vincent,1,CE,0.0,0,0.6271562263420591,0.5206686779112076
ensemble_vincent,1,DF,0.0,-1,-0.19395482743695924,-0.4792451551144643
ensemble_vincent,1,GO,1.0,4,0.14755869814510542,0.2891254554358104
ensemble_vincent,1,MA,4.0,6,-0.24105279440735444,0.19279528158810952
ensemble_vincent,1,MG,-1.0,1,-1.3660588945224836,-1.199316252074905
ensemble_vincent,1,MS,5.0,3,-1.096563049089186,-0.9086990908584117
ensemble_vincent,1,MT,-1.0,1,-0.4243015220426097,-0.20452044112739842
ensemble_vincent,1,PA,0.0,-3,-0.5974721756142355,-0.04864274562915536
ensemble_vincent,1,PB,0.0,-3,0.34610526244904466,0.7728340763292684
ensemble_vincent,1,PE,0.0,6,0.6811660153599167,1.3082598577782651
ensemble_vincent,1,PI,-8.0,7,-0.7954542587308813,-0.17408324676128703
ensemble_vincent,1,PR,-9.0,1,-1.7632965345165368,-1.3279353881025198
ensemble_vincent,1,RJ,1.0,3,-0.7559394121181499,-0.5987646354919607
ensemble_vincent,1,RN,0.0,3,0.5534584402888713,0.9919906572419777
ensemble_vincent,1,RO,0.0,5,-2.021785580034062,-1.4387333275603693
ensemble_vincent,1,RR,-1.0,-11,-1.2768032796126734,0.49828812703846137
ensemble_vincent,1,RS,-3.0,-3,-0.7436967945064953,-0.4690259000791388
ensemble_vincent,1,SC,-12.0,-5,-3.0544374914413894,-2.545960403899444
ensemble_vincent,1,SE,0.0,-4,-0.26741637499219784,0.017468563642723027
ensemble_vincent,1,SP,-4.0,-3,-0.6754945383759059,-0.37353842963876144
ensemble_vincent,1,TO,0.0,-2,0.2520445918546116,0.4940485468582789
ensemble_vincent,2,AC,-3.0,8,-2.3924800971105937,-0.8427048997382695
ensemble_vincent,2,AL,-16.0,-6,-0.9663649032415327,-0.6601529702770399
ensemble_vincent,2,AM,-1.0,6,-1.79015965908987,-0.8114743911724036
ensemble_vincent,2,AP,-12.0,8,-3.5263605246161616,-2.7579800097710927
ensemble_vincent,2,BA,-16.0,2,-2.456528652006993,-1.8090359928648507
ensemble_vincent,2,CE,0.0,5,0.2886366728555742,0.9033660566358739
ensemble_vincent,2,DF,-9.0,8,-3.8000796973642816,-2.7009525153306644
ensemble_vincent,2,GO,-10.0,5,-1.7082072915486957,-1.3166996662404153
ensemble_vincent,2,MA,-16.0,3,-1.6701218902380879,-0.8229642022662437
ensemble_vincent,2,MG,-6.0,6,-3.289015003619667,-2.864315969794003
ensemble_vincent,2,MS,-8.0,1,0.17563516940813487,0.226431953235388
ensemble_vincent,2,MT,-6.0,-3,-0.9456031753396212,-0.5981842385899052
ensemble_vincent,2,PA,-12.0,2,-1.6699619761530098,-1.2071788253906797
ensemble_vincent,2,PB,-1.0,8,-1.1105861288507064,0.02878755533242036
ensemble_vincent,2,PE,-1.0,5,-0.780407969320827,-0.41818774046576596
ensemble_vincent,2,PI,1.0,8,-1.7124427143994676,-0.9022449950166013
ensemble_vincent,2,PR,-3.0,1,-2.275057443361578,-2.205926793396281
ensemble_vincent,2,RJ,-3.0,7,-3.2350113412286103,-2.121058522479611
ensemble_vincent,2,RN,-3.0,9,-1.2749320299531346,-0.07547526643023214
ensemble_vincent,2,RO,-1.0,-3,-1.5546738270241254,-0.5397544960099434
ensemble_vincent,2,RR,0.0,4,-1.371766260556981,-0.5707469489709013
ensemble_vincent,2,RS,0.0,-1,-1.698135459856622,-1.640411752204995
ensemble_vincent,2,SC,-4.0,-1,-2.6602509478187337,-2.4060911494925796
ensemble_vincent,2,SE,0.0,7,-0.9874670103420501,-0.2374102454080919
ensemble_vincent,2,SP,-6.0,-6,-2.9394439856445973,-2.455719009115948
ensemble_vincent,2,TO,-4.0,0,-0.14575688769878958,0.3264639436532632
ensemble_vincent,3,AC,0.0,-2,-1.2345679249041388,-0.9877172762457995
ensemble_vincent,3,AL,0.0,-14,-1.8154341861463537,-0.42235514346891057
ensemble_vincent,3,AM,0.0,-5,-0.527250503433391,-0.16526509128210498
ensemble_vincent,3,AP,0.0,4,-0.34946783863668673,-0.26509360770577706
ensemble_vincent,3,BA,0.0,-3,-0.19707103415610636,-0.29313671745765024
ensemble_vincent,3,CE,14.0,-2,0.8304996767449524,0.9711139692518739
ensemble_vincent,3,DF,0.0,19,-0.9291664462342004,0.33817935605808835
ensemble_vincent,3,GO,0.0,-5,-0.4997914002600253,-0.3901688069517039
ensemble_vincent,3,MA,-9.0,0,-0.3233511770359344,-0.17427997799994913
ensemble_vincent,3,MG,-2.0,7,-1.0412225101402195,-0.7189722284411958
ensemble_vincent,3,MS,1.0,-1,0.3492929250502743,0.31714470485938145
ensemble_vincent,3,MT,-3.0,5,-1.492380232408555,-0.7018903727440781
ensemble_vincent,3,PA,-1.0,2,-0.7238644337426128,-0.6997471465348134
ensemble_vincent,3,PB,0.0,8,-0.9036734349939107,-0.04187375655789176
ensemble_vincent,3,PE,0.0,-17,-1.2803237680742392,-0.5090690296026552
ensemble_vincent,3,PI,-7.0,0,-0.7172331824629676,-0.6847641868365173
ensemble_vincent,3,PR,-11.0,0,-1.0229040972828691,-0.865114289502384
ensemble_vincent,3,RJ,0.0,7,-0.8823355076794663,-0.3881619976764077
ensemble_vincent,3,RN,0.0,-2,0.22681496434136925,0.04863746618665743
ensemble_vincent,3,RO,-5.0,-10,-0.8444617831552143,-0.01817975808744956
ensemble_vincent,3,RR,0.0,-12,-0.7985076962177716,0.011496972263845856
ensemble_vincent,3,RS,-9.0,-1,-1.6668876379585,-1.230788167436308
ensemble_vincent,3,SC,-1.0,-1,0.031124593896067674,0.24444437605702413
ensemble_vincent,3,SE,0.0,-9,0.03774032798284711,0.718984436174276
ensemble_vincent,3,SP,0.0,1,-1.6597015621432853,-1.61614551280811
ensemble_vincent,3,TO,-2.0,-10,0.0978721842166975,0.41902984010001326
ensemble_vincent,4,AC,0.0,-6,-0.06346957394866615,0.7044323386645963
ensemble_vincent,4,AL,0.0,22,-0.8418146389726723,0.003217542198720451
ensemble_vincent,4,AM,0.0,1,0.23621298835316162,0.4170322281816043
ensemble_vincent,4,AP,0.0,8,-0.419853845560264,0.8248054872728712
ensemble_vincent,4,BA,0.0,21,-0.6548528796673431,0.4685919453458885
ensemble_vincent,4,CE,0.0,1,0.08340527729800636,0.07642424079185929
ensemble_vincent,4,DF,8.0,1,1.083912166104387,0.7932355219060051
ensemble_vincent,4,GO,0.0,2,-0.4365836435184851,-0.33891521912624323
ensemble_vincent,4,MA,0.0,3,-1.5541204677468243,-0.9800587776902989
ensemble_vincent,4,MG,7.0,1,0.6465363330229283,0.44384869768503765
ensemble_vincent,4,MS,4.0,1,0.941806911602381,1.156967152656636
ensemble_vincent,4,MT,0.0,2,0.5178618798565707,0.32941880087698727
ensemble_vincent,4,PA,0.0,0,-0.36820325944021604,-0.2038084700394297
ensemble_vincent,4,PB,0.0,1,-0.11569432016267832,0.027184342649466838
ensemble_vincent,4,PE,0.0,3,-0.6364984592847758,-0.5183813850095753
ensemble_vincent,4,PI,0.0,3,-0.6541992814855624,-0.4244427248656376
ensemble_vincent,4,PR,6.0,1,0.7255589377107501,0.6900808807457285
ensemble_vincent,4,RJ,0.0,2,0.7496953355403166,0.8648867248180276
ensemble_vincent,4,RN,0.0,1,0.060928682360826054,0.052267829168111735
ensemble_vincent,4,RO,0.0,1,0.35313928910642467,0.6841925727090152
ensemble_vincent,4,RR,0.0,1,-0.7472144018302211,-0.0008295969369642373
ensemble_vincent,4,RS,14.0,1,1.8066369350183085,0.8487843466401583
ensemble_vincent,4,SC,15.0,1,0.9910487474739879,0.969908792388768
ensemble_vincent,4,SE,0.0,1,-1.0586781616458798,-0.3041404271962587
ensemble_vincent,4,SP,3.0,1,0.6832022652100338,0.4665618402212005
ensemble_vincent,4,TO,-10.0,2,-1.7525037598368658,-1.3088253284223035
gru_negbin,1,AC,0.0,-4,-0.39098708892751116,0.17181246373765446
gru_negbin,1,AL,0.0,-3,0.6569158597482891,0.8460415788149419
gru_negbin,1,AM,0.0,7,-1.0701406145867978,-0.5662711073751104
gru_negbin,1,AP,-12.0,-27,-3.4863551900024623,-1.8709396534881113
gru_negbin,1,BA,0.0,-4,-0.11982962639059833,-0.21416229075801155
gru_negbin,1,CE,0.0,-1,0.6107431967007291,0.5474288596123975
gru_negbin,1,DF,0.0,-1,-0.19395482743695924,-0.49716271039928944
gru_negbin,1,GO,0.0,3,0.5737819148624893,0.5913929822337661
gru_negbin,1,MA,6.0,0,0.34361062511100565,0.5299836908350017
gru_negbin,1,MG,-1.0,0,-0.7938406455707564,-0.635643116685856
gru_negbin,1,MS,6.0,2,-0.39855017066237525,-0.20883561184720756
gru_negbin,1,MT,-1.0,1,-0.1910623491635358,0.09891661105395975
gru_negbin,1,PA,0.0,-3,-0.6013852008117176,-0.19822214746097147
gru_negbin,1,PB,0.0,-3,0.34610526244904466,0.7585485889716971
gru_negbin,1,PE,0.0,6,0.8317936738512383,1.4079014362561362
gru_negbin,1,PI,-12.0,2,-0.7954542587308813,-0.5482811673693705
gru_negbin,1,PR,-9.0,-3,-0.9751189124896374,-0.3612630353706439
gru_negbin,1,RJ,3.0,3,-0.12851457044630804,-0.24879137298109405
gru_negbin,1,RN,0.0,-4,1.0859903622863536,1.6184840822715874
gru_negbin,1,RO,0.0,3,-1.6495849804475125,-1.2646852747917543
gru_negbin,1,RR,-1.0,3,-2.665490586683414,-0.9335113296258255
gru_negbin,1,RS,-7.0,-3,-0.7436967945064953,-0.38015869015013054
gru_negbin,1,SC,-12.0,-5,-3.0544374914413894,-2.4236911270197425
gru_negbin,1,SE,0.0,-4,-0.26741637499219784,0.21641238007771416
gru_negbin,1,SP,-4.0,-3,-0.6754945383759059,-0.359932172488231
gru_negbin,1,TO,0.0,-6,0.48951916357703357,0.7882736475273292
gru_negbin,2,AC,-3.0,7,-1.459303042136047,-0.19542552042146383
gru_negbin,2,AL,-16.0,-1,-0.9976980065094885,-0.8834352441770099
gru_negbin,2,AM,-1.0,8,-1.851015165437148,-0.8221507745456189
gru_negbin,2,AP,-12.0,-1,-4.2397104124936265,-3.593987768475264
gru_negbin,2,BA,-16.0,1,-2.4666112038363996,-1.8721897582651164
gru_negbin,2,CE,3.0,6,0.2886366728555742,0.9713561555686265
gru_negbin,2,DF,-9.0,8,-3.8000796973642816,-2.7180238609858973
gru_negbin,2,GO,-9.0,5,-1.7082072915486957,-1.3239312674050272
gru_negbin,2,MA,-16.0,3,-1.6701218902380879,-0.8452120707646845
gru_negbin,2,MG,-7.0,1,-3.289015003619667,-2.931540617469031
gru_negbin,2,MS,-12.0,-1,0.26597838246792027,0.4422825661460664
gru_negbin,2,MT,-6.0,-3,-0.9456031753396212,-0.5756887836939028
gru_negbin,2,PA,-12.0,-1,-1.8845948377993107,-1.471181720752328
gru_negbin,2,PB,-1.0,8,-1.1105861288507064,0.027099194800213597
gru_negbin,2,PE,14.0,7,-0.45654183508826307,0.1301236240350248
gru_negbin,2,PI,-12.0,7,-2.106211782744441,-1.3964983931978683
gru_negbin,2,PR,-5.0,0,-2.0165681409057825,-1.8535908030961186
gru_negbin,2,RJ,-9.0,7,-2.876273170571702,-2.008793473746779
gru_negbin,2,RN,-3.0,9,-1.2749320299531346,-0.04716227641483826
gru_negbin,2,RO,-1.0,-3,-1.5546738270241254,-0.5772884981200841
gru_negbin,2,RR,0.0,4,-1.371766260556981,-0.6098634357366479
gru_negbin,2,RS,0.0,-1,-1.698135459856622,-1.6267252066069844
gru_negbin,2,SC,-5.0,-1,-2.6602509478187337,-2.3882208906959415
gru_negbin,2,SE,0.0,7,-0.9874670103420501,-0.17597528807289997
gru_negbin,2,SP,-7.0,-4,-3.1571520987865394,-2.5745925135542276
gru_negbin,2,TO,-4.0,0,-0.14575688769878958,0.2768765092477431
gru_negbin,3,AC,0.0,0,-1.092697611518152,-0.9015907891445184
gru_negbin,3,AL,0.0,-24,-2.1121123239693844,-0.3917724071051957
gru_negbin,3,AM,0.0,-1,-0.5583008633541138,-0.330249062344912
gru_negbin,3,AP,0.0,3,-0.022141125877213518,0.135681737636695
gru_negbin,3,BA,0.0,-5,-0.46277655584541993,-0.39541780597686854
gru_negbin,3,CE,15.0,-1,0.8304996767449524,0.8835385531870356
gru_negbin,3,DF,0.0,20,-0.9291664462342004,0.4675761357981155
gru_negbin,3,GO,0.0,-8,-0.13050313138551284,0.1257275230293902
gru_negbin,3,MA,-13.0,-3,-0.3115808518307726,-0.026387389150109828
gru_negbin,3,MG,-2.0,4,-0.8814740840739185,-0.7348758531455897
gru_negbin,3,MS,-7.0,-4,0.6583553550662814,0.8551448160784448
gru_negbin,3,MT,-6.0,10,-1.121599701343739,-0.29665074243454137
gru_negbin,3,PA,-1.0,2,-0.7238644337426128,-0.5959876451781959
gru_negbin,3,PB,0.0,8,-0.4944764857644611,0.07074247019126745
gru_negbin,3,PE,0.0,-21,-1.2803237680742392,-0.42873796400288955
gru_negbin,3,PI,-7.0,-2,-0.8166232467008745,-0.7265287597786556
gru_negbin,3,PR,-3.0,0,0.9755060952436132,1.1943198523882155
gru_negbin,3,RJ,0.0,3,-0.8451072790073849,-0.39679064207244535
gru_negbin,3,RN,0.0,-2,0.22681496434136925,0.0845768862943427
gru_negbin,3,RO,-5.0,-10,-1.0007445627126677,-0.0860877862877645
gru_negbin,3,RR,0.0,-27,-1.07880966137193,0.025023647076153253
gru_negbin,3,RS,-7.0,-3,-0.36336705513274714,0.08882875856566796
gru_negbin,3,SC,2.0,-4,0.7172468752081593,1.0312662689662524
gru_negbin,3,SE,0.0,-45,0.17803889500195375,0.9284770457710547
gru_negbin,3,SP,0.0,0,-0.7571431946124723,-0.6481678497174922
gru_negbin,3,TO,-2.0,-10,-0.15896020688078086,0.34936617279130316
gru_negbin,4,AC,0.0,-4,0.4442743832799166,0.9975032474333466
gru_negbin,4,AL,0.0,22,-0.8418146389726723,0.0777398000022962
gru_negbin,4,AM,0.0,3,0.06399489513886085,0.2351879888299727
gru_negbin,4,AP,0.0,8,-0.419853845560264,0.8251148512082851
gru_negbin,4,BA,0.0,21,-0.9855889002647144,0.1892974214903332
gru_negbin,4,CE,0.0,1,0.08340527729800636,0.030887459720672812
gru_negbin,4,DF,10.0,1,1.3113313226464354,0.8827683001707897
gru_negbin,4,GO,0.0,2,-0.5760629635507952,-0.45248720740074033
gru_negbin,4,MA,0.0,3,-1.683415293663706,-1.136638413795771
gru_negbin,4,MG,9.0,1,0.9382974745705047,0.611880475059598
gru_negbin,4,MS,4.0,1,0.941806911602381,1.2924067950564844
gru_negbin,4,MT,0.0,2,0.575841130364549,0.4759054515794131
gru_negbin,4,PA,0.0,0,-0.36820325944021604,-0.16954780071969122
gru_negbin,4,PB,0.0,1,0.19153821189887857,0.10997931463618398
gru_negbin,4,PE,0.0,3,-0.6319735789172078,-0.45421644493396407
gru_negbin,4,PI,0.0,3,-0.6541992814855624,-0.39437657896949596
gru_negbin,4,PR,11.0,1,1.4907550011115611,1.2964727805632068
gru_negbin,4,RJ,0.0,2,0.7496953355403166,0.8945710218624615
gru_negbin,4,RN,0.0,1,0.47896757010109087,0.15398370355837232
gru_negbin,4,RO,3.0,4,1.2084334291654357,1.5056615236228734
gru_negbin,4,RR,0.0,-21,-0.8162072733171725,0.01832811900430018
gru_negbin,4,RS,15.0,1,2.077769766422824,1.1187919807610571
gru_negbin,4,SC,16.0,1,1.3972586760543924,1.2250171375749914
gru_negbin,4,SE,0.0,1,-0.8180987056949414,-0.23586457091552054
gru_negbin,4,SP,1.0,1,0.6568320491234205,0.454707280949968
gru_negbin,4,TO,-7.0,2,-1.38247998904442,-1.1312598909542153
lgbm_quantile,1,AC,0.0,-5,-0.5568536708119153,0.20598332475563147
lgbm_quantile,1,AL,0.0,5,0.7329453385456822,0.8790844144102119
lgbm_quantile,1,AM,0.0,8,-1.3612733319592507,-0.6532107152690574
lgbm_quantile,1,AP,-12.0,-25,-1.8548684543152811,-0.3192288456237674
lgbm_quantile,1,BA,12.0,0,0.39532705152902126,0.057769368543179545
lgbm_quantile,1,CE,14.0,0,0.7245901959771345,0.5889159164635662
lgbm_quantile,1,DF,5.0,1,0.242477304066569,0.05852497641264644
lgbm_quantile,1,GO,6.0,4,0.07502957036682954,0.26696491009859513
lgbm_quantile,1,MA,7.0,12,-0.24105279440735444,0.46877966440409014
lgbm_quantile,1,MG,-1.0,1,-1.3660588945224836,-1.1793934424778632
lgbm_quantile,1,MS,5.0,3,-1.096563049089186,-0.9057327053622933
lgbm_quantile,1,MT,-1.0,1,-0.4243015220426097,-0.18089167382907612
lgbm_quantile,1,PA,0.0,4,-0.5974721756142355,0.01427309918952779
lgbm_quantile,1,PB,0.0,6,0.865204826127903,1.3836424615575391
lgbm_quantile,1,PE,0.0,6,0.6811660153599167,1.3894281960964245
lgbm_quantile,1,PI,0.0,5,0.06397197312359078,0.45497784342001557
lgbm_quantile,1,PR,-9.0,1,-1.7632965345165368,-1.3060127483097674
lgbm_quantile,1,RJ,1.0,3,-0.7705422323271712,-0.7274494979969661
lgbm_quantile,1,RN,0.0,3,0.5534584402888713,1.104667889101161
lgbm_quantile,1,RO,0.0,16,-2.021785580034062,-1.079488129972369
lgbm_quantile,1,RR,-1.0,-11,-1.2768032796126734,0.49828812703846137
lgbm_quantile,1,RS,-3.0,0,-0.02505358182471292,0.1730007102157828
lgbm_quantile,1,SC,-3.0,0,-1.7891773932868644,-1.4855987226574063
lgbm_quantile,1,SE,0.0,-2,0.2475826507224464,0.256000617751341
lgbm_quantile,1,SP,-1.0,1,-0.0703015803789355,0.17769281388061722
lgbm_quantile,1,TO,0.0,3,0.2520445918546116,0.3825014331957558
lgbm_quantile,2,AC,-3.0,8,-3.4264067678965238,-1.1471393357341115
lgbm_quantile,2,AL,-16.0,-6,-0.9663649032415327,-0.5205780375456514
lgbm_quantile,2,AM,-1.0,8,-1.79015965908987,-0.8249675147468544
lgbm_quantile,2,AP,-12.0,0,-2.8219466452024466,-2.4583630595278163
lgbm_quantile,2,BA,-4.0,2,-2.0690176200223607,-1.4843519992202816
lgbm_quantile,2,CE,-1.0,4,0.7371680388886217,1.0647086806610735
lgbm_quantile,2,DF,-9.0,9,-2.9023700540818322,-1.854673989005103
lgbm_quantile,2,GO,-8.0,5,-1.3677323479838626,-0.9521346985181603
lgbm_quantile,2,MA,-11.0,3,-0.8590511020794414,0.01119224943124446
lgbm_quantile,2,MG,0.0,3,-2.755460974216309,-2.3272711859025814
lgbm_quantile,2,MS,-6.0,4,0.17563516940813487,0.4510403719045842
lgbm_quantile,2,MT,-5.0,-4,-0.48039103982524806,-0.23631191498028753
lgbm_quantile,2,PA,-12.0,2,-1.4741692859206048,-0.9230115025465393
lgbm_quantile,2,PB,-1.0,4,-0.3607471392402241,0.5408341800809915
lgbm_quantile,2,PE,-1.0,5,-0.780407969320827,-0.45917807040233066
lgbm_quantile,2,PI,0.0,5,-0.5274254752172928,-0.18750763633133247
lgbm_quantile,2,PR,-3.0,1,-2.275057443361578,-2.1471958930344197
lgbm_quantile,2,RJ,-3.0,7,-3.2350113412286103,-2.0325831028667136
lgbm_quantile,2,RN,-3.0,5,-0.9122208942999755,0.12809174636076023
lgbm_quantile,2,RO,-1.0,5,-1.1777576868031412,0.01671831553432317
lgbm_quantile,2,RR,0.0,-10,-1.8361910270027904,-0.9333142347315253
lgbm_quantile,2,RS,2.0,-1,-1.0372588708770547,-0.974878210870106
lgbm_quantile,2,SC,-2.0,-1,-1.911905526096395,-1.6479621314649848
lgbm_quantile,2,SE,0.0,8,0.23634597868253732,0.6158857709540302
lgbm_quantile,2,SP,-3.0,-4,-2.2382961001155595,-1.8253926877445392
lgbm_quantile,2,TO,-2.0,-1,0.31871118282111993,0.673835516380208
lgbm_quantile,3,AC,0.0,0,-1.7517729989241202,-1.4674320536216425
lgbm_quantile,3,AL,0.0,-14,-1.8154341861463537,-0.6007598307192725
lgbm_quantile,3,AM,0.0,-4,-0.3760948252656051,-0.0954025043994628
lgbm_quantile,3,AP,0.0,4,-0.34946783863668673,-0.2648739439452694
lgbm_quantile,3,BA,0.0,-3,-0.19707103415610636,-0.3579870527015766
lgbm_quantile,3,CE,14.0,-2,0.6288410185592277,0.8823035694345899
lgbm_quantile,3,DF,0.0,19,-0.8395311221866952,0.2152114934250981
lgbm_quantile,3,GO,0.0,-3,-1.276722125579335,-1.1293062971854473
lgbm_quantile,3,MA,-1.0,4,-0.3233511770359344,-0.20300534913002627
lgbm_quantile,3,MG,-2.0,7,-1.0412225101402195,-0.6243432377622611
lgbm_quantile,3,MS,-8.0,-5,0.033533790150922456,0.1954155528124995
lgbm_quantile,3,MT,-6.0,10,-1.492380232408555,-0.7625647379715498
lgbm_quantile,3,PA,4.0,2,-0.5894264060860405,-0.5449429384794988
lgbm_quantile,3,PB,0.0,11,-0.9036734349939107,-0.34090370260512176
lgbm_quantile,3,PE,0.0,-17,-1.5325410045261116,-0.6893324907190264
lgbm_quantile,3,PI,5.0,0,-0.7172331824629676,-0.676222719016558
lgbm_quantile,3,PR,-12.0,0,-1.1704987556933484,-0.9222248776425548
lgbm_quantile,3,RJ,0.0,7,-0.8823355076794663,-0.39150300904246954
lgbm_quantile,3,RN,0.0,2,-0.40631199593435813,-0.605647265712741
lgbm_quantile,3,RO,-5.0,-9,-0.8444617831552143,-0.11655485233714817
lgbm_quantile,3,RR,0.0,-6,-0.34384319941197583,0.0816277982439403
lgbm_quantile,3,RS,-9.0,-1,-1.6668876379585,-1.230788167436308
lgbm_quantile,3,SC,-1.0,-1,0.031124593896067674,0.24906166185443962
lgbm_quantile,3,SE,0.0,-20,-0.1743367942438542,0.616150305188167
lgbm_quantile,3,SP,-4.0,3,-2.102980907454167,-1.9821811860868008
lgbm_quantile,3,TO,-1.0,-6,0.0978721842166975,0.24857038518534005
lgbm_quantile,4,AC,0.0,-3,-0.13101632353348983,0.3949219426552762
lgbm_quantile,4,AL,0.0,22,-0.9633038137105786,-0.09365306573984794
lgbm_quantile,4,AM,0.0,1,0.23621298835316162,0.40856835945451286
lgbm_quantile,4,AP,0.0,7,0.929970404318427,1.8982989839055442
lgbm_quantile,4,BA,1.0,21,-0.6548528796673431,0.6888866513710714
lgbm_quantile,4,CE,0.0,1,-0.7160015730687037,-0.2398235879033555
lgbm_quantile,4,DF,0.0,1,1.083912166104387,1.2399954299017322
lgbm_quantile,4,GO,0.0,2,-0.07109432329283762,0.13251486463229026
lgbm_quantile,4,MA,3.0,3,-1.1278569517033263,-0.7815085688303017
lgbm_quantile,4,MG,4.0,1,0.6465363330229283,0.5007807123110336
lgbm_quantile,4,MS,4.0,1,0.9927853881151885,1.1934699430175093
lgbm_quantile,4,MT,0.0,2,0.486025877446783,0.30502284759512793
lgbm_quantile,4,PA,0.0,-1,0.14504033621597465,0.19342119973069943
lgbm_quantile,4,PB,0.0,1,-0.11569432016267832,0.0848687747790312
lgbm_quantile,4,PE,0.0,3,-0.6364984592847758,-0.5076884215942449
lgbm_quantile,4,PI,0.0,3,-0.15013227904818383,-0.06791838290464074
lgbm_quantile,4,PR,6.0,1,0.7255589377107501,0.6939433346336058
lgbm_quantile,4,RJ,0.0,2,0.8446455015589308,0.922247985600335
lgbm_quantile,4,RN,0.0,1,0.060928682360826054,0.026056602762265586
lgbm_quantile,4,RO,0.0,5,-0.227787744010353,0.43574672041711254
lgbm_quantile,4,RR,0.0,1,0.027441852587135343,0.2679526117084277
lgbm_quantile,4,RS,14.0,1,1.8066369350183085,0.8964406660372426
lgbm_quantile,4,SC,9.0,1,0.9910487474739879,1.1769719460351085
lgbm_quantile,4,SE,0.0,1,-1.0586781616458798,-0.4795110473846193
lgbm_quantile,4,SP,4.0,1,1.734047222557024,1.4727410013341204
lgbm_quantile,4,TO,-11.0,2,-1.8858446780240594,-1.4652505234016686
mechanistic_traj,1,AC,0.0,-8,-1.1970523614813622,-0.4630584261207285
mechanistic_traj,1,AL,0.0,9,-0.23782129647148784,0.10761785295947635
mechanistic_traj,1,AM,0.0,0,-0.6100544219984082,-0.49147798276820454
mechanistic_traj,1,AP,-12.0,-21,-2.9755295662364714,-0.8229872708865874
mechanistic_traj,1,BA,0.0,-3,-0.5726285301867031,-0.7694907761851811
mechanistic_traj,1,CE,6.0,-2,0.2615824472611968,0.1922011815098626
mechanistic_traj,1,DF,8.0,5,-1.5067736547614703,-1.7296828566900773
mechanistic_traj,1,GO,0.0,0,-0.2230203657349791,-0.2754391350413857
mechanistic_traj,1,MA,1.0,-1,-1.1768130359755846,-0.5909983494070868
mechanistic_traj,1,MG,-5.0,0,-2.330627589480324,-2.1880463606292304
mechanistic_traj,1,MS,1.0,3,-2.154991236587154,-1.8809817472037236
mechanistic_traj,1,MT,-1.0,-7,-1.364903171138573,-1.0496654120227802
mechanistic_traj,1,PA,0.0,-1,-0.45198512374305727,-0.25801307749656194
mechanistic_traj,1,PB,0.0,4,-0.6297775666273561,-0.14263043035116943
mechanistic_traj,1,PE,0.0,6,-0.21791250189665726,0.29246187991798406
mechanistic_traj,1,PI,-3.0,7,-1.4429132551193986,-0.770229890033626
mechanistic_traj,1,PR,-5.0,-1,-2.8094170440401474,-2.5775958228216567
mechanistic_traj,1,RJ,-11.0,-1,-1.3166774646516908,-1.0990152707408611
mechanistic_traj,1,RN,0.0,3,-0.17376927497863737,0.31900842725173356
mechanistic_traj,1,RO,0.0,6,-2.7362210780689065,-2.126696855421556
mechanistic_traj,1,RR,-1.0,-11,-0.9382696385929302,0.6132060937390953
mechanistic_traj,1,RS,-9.0,-1,-5.2218990352611305,-4.9062404955583885
mechanistic_traj,1,SC,-9.0,1,-6.526714454784496,-6.188160613610546
mechanistic_traj,1,SE,0.0,-4,-1.5860905484371093,-1.1533413233311716
mechanistic_traj,1,SP,0.0,-1,-1.6101451868764984,-1.5200719961887517
mechanistic_traj,1,TO,1.0,-4,-0.36897681484502753,-0.12287568484640707
mechanistic_traj,2,AC,-3.0,5,-2.438057605606913,-1.2338465089845625
mechanistic_traj,2,AL,-16.0,-9,-1.4896367126214798,-1.1014824238179226
mechanistic_traj,2,AM,-1.0,9,-1.8148551840227043,-1.0015942432801197
mechanistic_traj,2,AP,-12.0,5,-4.324868220833933,-3.3584460159329415
mechanistic_traj,2,BA,-13.0,2,-2.9384910062403633,-2.4150789840293454
mechanistic_traj,2,CE,-6.0,3,0.003365118150313555,0.3692180684884623
mechanistic_traj,2,DF,-1.0,9,-4.8547101877193555,-3.6906826721015973
mechanistic_traj,2,GO,-12.0,4,-2.2215115926790916,-1.8687669958532027
mechanistic_traj,2,MA,-15.0,4,-2.1802750190224462,-1.3073927501639995
mechanistic_traj,2,MG,-2.0,4,-4.031000829201541,-3.623594948921829
mechanistic_traj,2,MS,-8.0,0,-0.9789043246021419,-0.9041020326306816
mechanistic_traj,2,MT,-6.0,-10,-2.159909148446232,-1.4490766826562087
mechanistic_traj,2,PA,-12.0,1,-1.9103473339017254,-1.4975726439728552
mechanistic_traj,2,PB,-1.0,7,-1.6291429835134328,-0.6905932440954738
mechanistic_traj,2,PE,-1.0,5,-1.3135590727781408,-0.8711130990483934
mechanistic_traj,2,PI,0.0,9,-1.997948507428653,-1.379183577820664
mechanistic_traj,2,PR,1.0,2,-3.6650675587107515,-3.7587506590664312
mechanistic_traj,2,RJ,-8.0,9,-4.3421741430432315,-3.0603963346562337
mechanistic_traj,2,RN,-3.0,5,-1.4165409475771535,-0.527116236513742
mechanistic_traj,2,RO,-1.0,-2,-2.0860860843985045,-1.1835253362310043
mechanistic_traj,2,RR,0.0,7,-2.0088239744658827,-0.8754687373538999
mechanistic_traj,2,RS,-5.0,-1,-6.453347053831376,-6.352629396319567
mechanistic_traj,2,SC,-11.0,0,-7.153327763615198,-6.983954622584159
mechanistic_traj,2,SE,0.0,7,-1.6971434928532059,-0.9354661925253515
mechanistic_traj,2,SP,-2.0,-3,-3.7028966794653027,-3.2646034699745012
mechanistic_traj,2,TO,-5.0,-5,-0.9395475940384223,-0.2522667107252954
mechanistic_traj,3,AC,0.0,0,-1.5995994634338124,-1.4118508041130686
mechanistic_traj,3,AL,0.0,-10,-1.4508328822574619,-0.49154648147486774
mechanistic_traj,3,AM,0.0,-5,-0.6931471805599453,-0.4771879840206603
mechanistic_traj,3,AP,0.0,9,-2.4350742760401247,-2.002544030927135
mechanistic_traj,3,BA,0.0,2,-0.38820858810995934,-0.49957768686930976
mechanistic_traj,3,CE,13.0,0,1.223341215375606,1.1334378687222357
mechanistic_traj,3,DF,9.0,25,-2.6540952069797994,-0.5756295536949765
mechanistic_traj,3,GO,0.0,-4,-0.9523502200555338,-0.8301335547216364
mechanistic_traj,3,MA,-12.0,-3,-0.9570800728000629,-0.5689957420652381
mechanistic_traj,3,MG,10.0,7,-1.6864692301084352,-1.2752349910674285
mechanistic_traj,3,MS,-7.0,0,-0.42731499089282093,-0.48867727270322525
mechanistic_traj,3,MT,-6.0,8,-1.819762217019417,-1.2684168476893332
mechanistic_traj,3,PA,-1.0,4,-1.5710126943090572,-1.403620249172968
mechanistic_traj,3,PB,0.0,11,-1.1478833376748925,-0.2138630513228711
mechanistic_traj,3,PE,0.0,-13,-1.5469385702576972,-0.7645419747388967
mechanistic_traj,3,PI,5.0,0,-0.8487545248836678,-0.9557867223710966
mechanistic_traj,3,PR,1.0,1,-1.6981193212042363,-1.7300691444216818
mechanistic_traj,3,RJ,8.0,8,-1.5898933163611302,-0.7007582109580813
mechanistic_traj,3,RN,0.0,3,0.202236866494896,0.005595538180803342
mechanistic_traj,3,RO,-5.0,-7,-1.4593194961347804,-0.36261233885265715
mechanistic_traj,3,RR,0.0,17,-1.8971199848858813,-0.6317243679335391
mechanistic_traj,3,RS,-9.0,-1,-5.6468050399136605,-5.239885076656934
mechanistic_traj,3,SC,4.0,-2,-3.8349619592916846,-3.9079954567852173
mechanistic_traj,3,SE,0.0,-12,-0.48550781578170077,0.1364483298757432
mechanistic_traj,3,SP,5.0,3,-2.5890355889524175,-2.451485745187619
mechanistic_traj,3,TO,-2.0,-5,-0.019121041446778397,0.3997867815312472
mechanistic_traj,4,AC,0.0,-6,-0.6931471805599453,0.12106794069487137
mechanistic_traj,4,AL,0.0,21,-1.1569842948900169,-0.3671248716722972
mechanistic_traj,4,AM,0.0,-2,0.18593819726414307,0.2658660189212167
mechanistic_traj,4,AP,0.0,8,-1.157452788691043,-0.3746934494414107
mechanistic_traj,4,BA,0.0,20,-1.1973471293537987,0.13563304916203303
mechanistic_traj,4,CE,0.0,1,0.18822127892114288,0.3606875831600039
mechanistic_traj,4,DF,6.0,1,-0.25324679603196004,-0.39733672110846924
mechanistic_traj,4,GO,0.0,1,-0.8586191390562036,-0.6575647237787643
mechanistic_traj,4,MA,0.0,1,-1.696294956527367,-1.1839613198792547
mechanistic_traj,4,MG,8.0,1,-0.5696076734564557,-0.7156859854168214
mechanistic_traj,4,MS,3.0,1,-0.1300903645685089,0.42771677502069144
mechanistic_traj,4,MT,0.0,1,-0.24411575542855932,-0.16405879369224147
mechanistic_traj,4,PA,0.0,2,-1.08597235373229,-0.6990673774979982
mechanistic_traj,4,PB,0.0,1,-0.4989911661189879,-0.4509043192918753
mechanistic_traj,4,PE,0.0,3,-1.3708554579682393,-1.0083851207086936
mechanistic_traj,4,PI,1.0,3,-1.3111737306517826,-1.034954436896132
mechanistic_traj,4,PR,9.0,1,-0.42281043956993825,-0.5044089710437629
mechanistic_traj,4,RJ,0.0,2,0.03670136685042796,0.2889517898661024
mechanistic_traj,4,RN,0.0,1,-0.006376217139275997,-0.1226340817353566
mechanistic_traj,4,RO,0.0,4,-0.02985296314968116,0.25714183349876907
mechanistic_traj,4,RR,0.0,-21,-1.3350010667323402,-0.5994147028972381
mechanistic_traj,4,RS,9.0,1,-2.8683444355778738,-3.4928974492423803
mechanistic_traj,4,SC,11.0,1,-3.2137011690781834,-2.9600720931551066
mechanistic_traj,4,SE,0.0,-21,-1.4350845252893227,-0.6367172883736992
mechanistic_traj,4,SP,12.0,1,-0.02633831418326224,-0.47739267149089126
mechanistic_traj,4,TO,-10.0,2,-2.039311324143714,-1.551808799597464
naive,1,AC,0.0,-2,-2.02537432040956,-1.2354376810375165
naive,1,AL,0.0,25,2.4986159277130335,3.0712207081484078
naive,1,AM,0.0,31,-1.8863478879039703,-1.128190202415737
naive,1,AP,-12.0,-46,,-2.2403262536884383
naive,1,BA,0.0,-15,-1.1266629082839306,-0.5101253296501393
naive,1,CE,0.0,-19,0.9697007973825127,1.7854704202615708
naive,1,DF,0.0,24,-0.1831504006043554,0.45607636090491926
naive,1,GO,0.0,-17,-0.2553586378842602,0.5964897283851762
naive,1,MA,0.0,-6,-0.5054321318975938,0.7198245996039434
naive,1,MG,-13.0,-25,-3.180892282875028,-1.795653029493467
naive,1,MS,-2.0,27,-2.0411896262299556,-0.8213419849033036
naive,1,MT,-1.0,-8,-1.2934442071564283,-0.29258963697916235
naive,1,PA,0.0,-6,-1.2083112059245342,-0.3214877767164671
naive,1,PB,0.0,10,1.073374356078247,2.1404297787643816
naive,1,PE,0.0,0,0.24116205681688804,1.1548311218414933
naive,1,PI,-12.0,-17,0.5437634084151004,1.6429100322362515
naive,1,PR,-18.0,-25,-2.6447170885960127,-1.0095855433033938
naive,1,RJ,-12.0,12,-2.149237303615378,-1.1196360846996145
naive,1,RN,0.0,-11,1.346664566349123,2.577885799828953
naive,1,RO,0.0,0,-1.463255402256019,-0.26950133615886657
naive,1,RR,-1.0,-46,,-2.3785709999719677
naive,1,RS,-21.0,18,-3.0193974008240674,-1.3685884619288888
naive,1,SC,-20.0,-27,-2.7448001347033713,-1.1872417481854112
naive,1,SE,0.0,-13,0.6570711240861357,1.4435079063102956
naive,1,SP,-13.0,24,-1.9182075465059776,-0.5223444199926743
naive,1,TO,0.0,-8,0.2774952271447879,1.2180404305057304
naive,2,AC,-3.0,11,-3.2464004982582906,-1.531925650520099
naive,2,AL,-16.0,12,-1.9072723563498992,-1.0620571654206896
naive,2,AM,-1.0,35,-2.130975191795019,-0.9661267173406128
naive,2,AP,-12.0,-20,-3.8830354685548936,-2.7547894061240568
naive,2,BA,-16.0,-11,-2.7314386681886913,-1.2545454982991562
naive,2,CE,-14.0,-15,-0.7462161486901736,0.5058539296944485
naive,2,DF,-9.0,32,-3.6788291182604347,-2.2544615247303703
naive,2,GO,-12.0,-16,-3.2471244483177912,-2.08071540422223
naive,2,MA,-16.0,-7,-2.6286651718476444,-1.0451207080578615
naive,2,MG,-12.0,27,-3.582557632741096,-2.1690551044389377
naive,2,MS,-12.0,28,-1.156402368426391,-0.0024531110579554326
naive,2,MT,-6.0,22,-1.6524039483175437,-0.6006153467516471
naive,2,PA,-12.0,3,-2.6944662926673977,-1.6478037802523806
naive,2,PB,-1.0,13,-1.7791562970747294,-0.5256273176505526
naive,2,PE,-1.0,-4,-2.1819103423631767,-1.2998853382466327
naive,2,PI,-12.0,-15,-1.4346129383906983,-0.3368493105321665
naive,2,PR,-12.0,-24,-3.292990318296767,-1.9959499830352354
naive,2,RJ,-12.0,16,-3.1237316328833047,-1.57537323422672
naive,2,RN,-3.0,-7,-2.1465808445174646,-0.7956194471537533
naive,2,RO,-1.0,-5,-1.9376660792802314,-0.2489758736680163
naive,2,RR,0.0,-35,-2.6149597780361984,-1.3414437949545388
naive,2,RS,-17.0,5,-3.850657368386992,-2.232670678275957
naive,2,SC,-17.0,10,-2.558009874070118,-1.0289240730748015
naive,2,SE,0.0,-2,-0.39786050872294504,0.425656356668615
naive,2,SP,-15.0,20,-4.23604494560661,-2.892094746405727
naive,2,TO,-6.0,-6,-2.1026984038441032,-0.8932386695187912
naive,3,AC,0.0,3,-2.924857933967334,-2.0691156532432537
naive,3,AL,0.0,-20,0.5363889373256061,1.5723841453614271
naive,3,AM,0.0,27,-1.7768338190113793,-0.9927175645799807
naive,3,AP,0.0,-16,0.40789524296145613,1.2992985773347425
naive,3,BA,0.0,-14,0.19976606438553207,0.8739760460222255
naive,3,CE,0.0,-20,0.0660364761333491,1.0119698058822029
naive,3,DF,0.0,45,0.23121324895981876,0.8012415255592126
naive,3,GO,0.0,-24,-0.3297564576784911,0.4410435059057025
naive,3,MA,-13.0,-6,-1.2218963205148408,-0.07336348926902998
naive,3,MG,-2.0,32,-0.4576649789368664,0.4684904336576053
naive,3,MS,-11.0,25,-1.1434746927253698,-0.0521923816791227
naive,3,MT,-6.0,36,-0.948024827278375,0.1618876184431518
naive,3,PA,-1.0,-1,-1.1431135133386197,-0.182810813077288
naive,3,PB,0.0,17,-0.5988365010887039,0.19044730806048804
naive,3,PE,0.0,-23,-0.032420034522576587,0.49844758498524666
naive,3,PI,-7.0,-23,-0.38386599630470253,0.5839013085248631
naive,3,PR,-12.0,-25,-0.22567346818768405,1.1040730100267684
naive,3,RJ,0.0,17,-0.21985947611301976,0.9632767648842195
naive,3,RN,0.0,-13,-0.3841423386393432,0.18661260426809917
naive,3,RO,-5.0,-12,-1.5546296759391054,-0.48687700914963616
naive,3,RR,0.0,-27,0.4054651081081644,1.249201365248507
naive,3,RS,-21.0,-25,-1.1782479130875,0.49799705870502914
naive,3,SC,-8.0,5,0.5299926914835499,1.8545145223923145
naive,3,SE,0.0,-22,0.30673026742247544,1.068638545277929
naive,3,SP,-8.0,26,-0.6055384861476867,0.58706722947588
naive,3,TO,-2.0,-25,-1.1216018068928084,-0.10523743116016339
naive,4,AC,0.0,-1,-0.7652004982000028,0.003127223586230424
naive,4,AL,0.0,18,-0.3120311014620675,0.6449608704182754
naive,4,AM,0.0,-5,-0.6505875661411494,-0.1089863354386355
naive,4,AP,0.0,-11,0.1823215567939546,1.2305799593164497
naive,4,BA,0.0,13,0.27909832876038937,0.5244997118956389
naive,4,CE,0.0,-10,-1.0956580767706783,0.04266742442449811
naive,4,DF,0.0,-21,-1.0632103616171937,-0.2663383592081334
naive,4,GO,0.0,-14,-0.8840012123276206,0.0027326924439639625
naive,4,MA,0.0,-2,-1.851217539133207,-0.6169148032687909
naive,4,MG,0.0,-21,-1.1409899126462542,-0.27982086137380663
naive,4,MS,0.0,-3,-0.4409394963018243,0.870788104604811
naive,4,MT,0.0,-2,-0.1173060501953963,0.46880966660560214
naive,4,PA,0.0,-3,-0.9380522236556678,-0.13152706376656356
naive,4,PB,0.0,-5,-0.4989911661189879,0.2996618206919422
naive,4,PE,0.0,1,-0.5327521456658746,0.04080787511242282
naive,4,PI,0.0,-12,-0.2712690428104507,0.6519134881060201
naive,4,PR,0.0,-21,-1.088958856967467,0.003907429077346452
naive,4,RJ,0.0,-13,-0.5217889285632602,0.4769510324451093
naive,4,RN,0.0,-6,-0.413975797776073,0.2911912477516243
naive,4,RO,0.0,-8,-0.16598513747426116,0.6702139021417964
naive,4,RR,0.0,-21,-0.3794896217049037,0.5471519788929075
naive,4,RS,0.0,-18,0.48052712708254175,1.0098208996907698
naive,4,SC,0.0,-21,-0.6688026086622078,0.6933671783608546
naive,4,SE,0.0,-8,-0.7091475219063865,0.2504817887656904
naive,4,SP,0.0,-18,-0.04707344243956492,0.6908495368592973
naive,4,TO,-11.0,-14,-2.8432728710439497,-1.7221741455642863
seasonal_naive,1,AC,0.0,-6,-1.0185695809945732,-0.09939453902220151
seasonal_naive,1,AL,0.0,8,0.5302673053805761,0.8688555814621827
seasonal_naive,1,AM,0.0,-1,-0.30100752704893036,-0.22767282469753874
seasonal_naive,1,AP,-12.0,-21,-2.1426204433013676,-0.24789608899823212
seasonal_naive,1,BA,7.0,-4,0.10764293601319709,-0.22747047196050657
seasonal_naive,1,CE,7.0,0,0.8146324337246784,0.5105750286011659
seasonal_naive,1,DF,12.0,3,-0.5548632219076282,-1.015316838399039
seasonal_naive,1,GO,0.0,-1,0.14755869814510542,0.1452348596548005
seasonal_naive,1,MA,1.0,6,-0.649850374806621,-0.14230450674810233
seasonal_naive,1,MG,-1.0,1,-1.9097585669383006,-1.7461747514860593
seasonal_naive,1,MS,5.0,2,-1.3235228284956917,-1.321365959268301
seasonal_naive,1,MT,0.0,-8,-1.0752389374828009,-0.6832869041722692
seasonal_naive,1,PA,0.0,-2,-0.08465288533033691,0.09639935837152303
seasonal_naive,1,PB,0.0,4,-0.09554385196335048,0.3087200661795722
seasonal_naive,1,PE,0.0,3,0.11232918497391972,0.6192478469497761
seasonal_naive,1,PI,0.0,7,-0.8253688153024045,-0.26243699919405705
seasonal_naive,1,PR,-4.0,-3,-2.095836932566923,-1.8197716764386218
seasonal_naive,1,RJ,-5.0,3,-0.6627160633574055,-0.5197905540259766
seasonal_naive,1,RN,1.0,2,0.706352044855116,0.7636714978003225
seasonal_naive,1,RO,0.0,5,-2.330755969960742,-1.5973510251505179
seasonal_naive,1,RR,-1.0,1,-0.6097655716208943,1.152422737565682
seasonal_naive,1,RS,-9.0,-1,-4.155547608811243,-4.109909078763212
seasonal_naive,1,SC,-20.0,-2,-6.5780077491720474,-5.980419627979615
seasonal_naive,1,SE,0.0,-2,-1.3476795249921112,-0.8229522416633642
seasonal_naive,1,SP,-1.0,-1,-0.8774427091198094,-0.7694653072286294
seasonal_naive,1,TO,2.0,-1,0.19944143900742142,0.47092933446072516
seasonal_naive,2,AC,-3.0,7,-1.848545314737324,-0.8646445736723348
seasonal_naive,2,AL,-16.0,-8,-0.8835009090511642,-0.5168435883038895
seasonal_naive,2,AM,-1.0,2,-1.3939338176778482,-0.6978091936657566
seasonal_naive,2,AP,-12.0,5,-3.3234196806194714,-2.6849458327567923
seasonal_naive,2,BA,-9.0,0,-2.3153432397787705,-1.8804318815018386
seasonal_naive,2,CE,-14.0,5,0.12846238712122532,0.6686684872156414
seasonal_naive,2,DF,3.0,10,-4.044087805890559,-3.043581216329913
seasonal_naive,2,GO,-12.0,1,-1.7810810221633853,-1.5382914022491312
seasonal_naive,2,MA,-15.0,4,-1.6266797188686064,-0.8902926744002346
seasonal_naive,2,MG,0.0,4,-3.586074864270381,-3.099033115313415
seasonal_naive,2,MS,-6.0,4,-0.22759191120730854,-0.16377178953213284
seasonal_naive,2,MT,-3.0,-9,-1.526523702428541,-1.0016870824116333
seasonal_naive,2,PA,-12.0,1,-1.6098402459740278,-1.1783007929692826
seasonal_naive,2,PB,-1.0,7,-1.5052976531815034,-0.38539531675682415
seasonal_naive,2,PE,-1.0,2,-0.964052618318021,-0.5569372518881208
seasonal_naive,2,PI,0.0,9,-1.655284300559519,-0.8710621418362495
seasonal_naive,2,PR,2.0,0,-2.7039364268667567,-2.8980580050842737
seasonal_naive,2,RJ,-3.0,10,-3.9026575469820224,-2.509058479462147
seasonal_naive,2,RN,-3.0,4,-1.2867567243110807,-0.20096121614524914
seasonal_naive,2,RO,-1.0,-3,-1.4477471403335542,-0.5854251352516066
seasonal_naive,2,RR,0.0,12,-0.8803587226480918,-0.21023034491103124
seasonal_naive,2,RS,1.0,-2,-5.479897908117272,-5.2578905792472534
seasonal_naive,2,SC,-5.0,1,-6.1506794632088315,-6.095356593788466
seasonal_naive,2,SE,0.0,9,-1.4412101187160054,-0.6376516588145286
seasonal_naive,2,SP,-3.0,-5,-3.1502235289991183,-2.552852089940593
seasonal_naive,2,TO,-4.0,-4,-0.3968813644167729,0.24454291585507182
seasonal_naive,3,AC,0.0,-1,-1.2345679249041388,-0.9411818922697575
seasonal_naive,3,AL,0.0,-10,-0.5045211341284489,0.29017745128525185
seasonal_naive,3,AM,0.0,-6,-0.5728610146854433,-0.12429272741696061
seasonal_naive,3,AP,0.0,9,-1.6241440598237957,-1.2460105175213292
seasonal_naive,3,BA,7.0,-3,0.388748761546269,0.10166991380910538
seasonal_naive,3,CE,0.0,-3,1.4686052863805756,1.466235259644769
seasonal_naive,3,DF,10.0,17,-2.2286294321649653,0.1657254066135815
seasonal_naive,3,GO,0.0,-8,-0.508865567716219,-0.3808675557737516
seasonal_naive,3,MA,-12.0,-2,-0.3992150877629932,-0.10336466023211172
seasonal_naive,3,MG,10.0,10,-1.0284020745830296,-0.6393103625438877
seasonal_naive,3,MS,-3.0,-4,0.409328602933209,0.3026035982682991
seasonal_naive,3,MT,-2.0,5,-1.5390878817250406,-0.7797238190379386
seasonal_naive,3,PA,-1.0,3,-1.3510154486842123,-1.0070682014270853
seasonal_naive,3,PB,0.0,8,-0.8157495026522777,0.16187037281112185
seasonal_naive,3,PE,0.0,-17,-1.2551931033486599,-0.364339281300993
seasonal_naive,3,PI,5.0,1,-0.26323800851608786,-0.3295382786614632
seasonal_naive,3,PR,2.0,0,-0.8967911062331334,-1.0875230594767442
seasonal_naive,3,RJ,8.0,12,-1.4912372530506197,-0.1689666327872301
seasonal_naive,3,RN,1.0,-2,0.6077019746030605,0.3535739484335022
seasonal_naive,3,RO,-5.0,-5,-0.6383389440649504,0.2619431738365508
seasonal_naive,3,RR,0.0,8,-0.7985076962177716,0.1479908289348652
seasonal_naive,3,RS,-2.0,-3,-4.436697247020208,-3.976948471639228
seasonal_naive,3,SC,5.0,-1,-2.662737853280329,-3.170854655369206
seasonal_naive,3,SE,0.0,-11,-0.09402894964827634,0.6257058997644128
seasonal_naive,3,SP,4.0,2,-1.7766855230016037,-1.6689434038632498
seasonal_naive,3,TO,0.0,-8,0.4547361571149471,0.8315595517010596
seasonal_naive,4,AC,0.0,-5,-0.1161133074340881,0.7894405174122352
seasonal_naive,4,AL,0.0,22,-0.37750903084157433,0.1376091955554373
seasonal_naive,4,AM,0.0,-1,0.5805139055730392,0.6399662837243257
seasonal_naive,4,AP,0.0,9,-0.6109090823229733,0.41258257587702835
seasonal_naive,4,BA,0.0,21,-0.6190392084062235,0.5601138768004408
seasonal_naive,4,CE,0.0,1,0.4768220468899964,0.6300937556961724
seasonal_naive,4,DF,3.0,0,0.39439302720747876,0.17935802515701824
seasonal_naive,4,GO,0.0,2,-0.38112483808131037,-0.28787374737170457
seasonal_naive,4,MA,1.0,3,-1.3512615876041203,-0.8744313079016037
seasonal_naive,4,MG,13.0,1,-0.025816735931130607,-0.34892663881828023
seasonal_naive,4,MS,5.0,1,0.7415542763469875,0.9799093146368294
seasonal_naive,4,MT,3.0,1,0.5178618798565707,0.3051917400741282
seasonal_naive,4,PA,0.0,2,-0.749500117111077,-0.39826536094006687
seasonal_naive,4,PB,0.0,1,-0.40546510810816444,-0.18719396549079947
seasonal_naive,4,PE,0.0,3,-0.8456490553970198,-0.6983377077258909
seasonal_naive,4,PI,0.0,2,-0.8176013550333513,-0.6051907625210486
seasonal_naive,4,PR,8.0,1,0.19464004155592537,-0.06384609415342306
seasonal_naive,4,RJ,0.0,2,0.5866177576971372,0.7284182223418114
seasonal_naive,4,RN,0.0,1,0.12341685337463955,0.1512245621578695
seasonal_naive,4,RO,0.0,2,0.4401506660960544,0.7170431801883085
seasonal_naive,4,RR,0.0,1,-0.9295359586241757,-0.18001208694529203
seasonal_naive,4,RS,18.0,1,-1.4530625375847308,-2.538426045910358
seasonal_naive,4,SC,14.0,1,-2.181780254908746,-2.1073295732196713
seasonal_naive,4,SE,0.0,-9,-1.3397743454849977,-0.34815065151218416
seasonal_naive,4,SP,12.0,1,0.8766823894471739,0.2532329987597153
seasonal_naive,4,TO,-10.0,2,-1.7791010723561316,-1.2071781255245688
